,age
0,53.0
1,47.0
2,23.0
3,32.0
4,39.0
5,18.0
6,22.0
7,35.0
8,34.0
9,47.0
10,25.0
11,31.0
12,41.0
13,30.0
14,37.0
15,28.0
16,42.0
17,36.0
18,49.0
19,71.0
20,33.0
21,39.0
22,23.0
23,29.0
24,34.0
25,43.0
26,24.0
27,29.0
28,34.0
29,75.0
30,68.0
31,34.0
32,27.0
33,39.0
34,24.0
35,36.0
36,33.0
37,41.0
38,48.0
39,21.0
40,24.0
41,27.0
42,32.0
43,67.0
44,49.0
45,42.0
46,36.0
47,36.0
48,19.0
49,54.0
50,25.0
51,17.0
52,61.0
53,29.0
54,56.0
55,40.0
56,45.0
57,26.0
58,26.0
59,59.0
60,17.0
61,68.0
62,24.0
63,34.0
64,26.0
65,29.0
66,33.0
67,39.0
68,45.0
69,35.0
70,26.0
71,42.0
72,31.0
73,48.0
74,31.0
75,54.0
76,17.0
77,59.0
78,42.0
79,23.0
80,38.0
81,29.0
82,45.0
83,28.0
84,37.0
85,28.0
86,28.0
87,51.0
88,36.0
89,59.0
90,25.0
91,26.0
92,74.0
93,33.0
94,27.0
95,57.0
96,46.0
97,41.0
98,61.0
99,45.0
100,35.0
101,49.0
102,45.0
103,23.0
104,46.0
105,23.0
106,21.0
107,35.0
108,27.0
109,37.0
110,16.0
111,51.0
112,25.0
113,34.0
114,34.0
115,56.0
116,26.0
117,24.0
118,43.0
119,31.0
120,32.0
121,30.0
122,50.0
123,20.0
125,31.0
126,38.0
127,77.0
128,41.0
129,51.0
130,50.0
131,42.0
132,39.0
133,47.0
134,37.0
135,41.0
136,16.0
137,30.0
138,27.0
139,43.0
140,31.0
141,42.0
142,21.0
143,49.0
144,34.0
145,27.0
146,24.0
147,17.0
148,34.0
149,28.0
150,28.0
151,40.0
152,37.0
153,49.0
154,43.0
155,35.0
156,20.0
157,25.0
158,25.0
159,26.0
160,28.0
161,45.0
162,36.0
163,34.0
164,37.0
165,48.0
166,19.0
167,29.0
168,40.0
169,35.0
170,43.0
171,58.0
172,46.0
173,30.0
174,27.0
175,31.0
176,23.0
177,37.0
178,64.0
179,31.0
180,39.0
181,31.0
182,25.0
183,54.0
184,53.0
185,37.0
186,35.0
187,59.0
188,36.0
189,32.0
190,41.0
191,29.0
192,53.0
193,26.0
194,27.0
195,28.0
196,52.0
197,20.0
198,22.0
199,49.0
200,24.0
201,24.0
202,47.0
203,49.0
204,64.0
205,16.0
206,20.0
207,36.0
208,39.0
209,18.0
210,31.0
211,24.0
212,63.0
213,34.0
214,44.0
215,60.0
216,42.0
217,21.0
218,37.0
219,36.0
220,21.0
221,24.0
222,38.0
223,29.0
224,57.0
225,23.0
226,27.0
227,28.0
228,63.0
229,53.0
230,35.0
231,56.0
232,39.0
233,23.0
234,40.0
235,26.0
236,42.0
237,41.0
238,26.0
239,29.0
240,49.0
241,54.0
242,36.0
243,21.0
244,27.0
245,37.0
246,36.0
247,32.0
248,63.0
249,44.0
250,27.0
251,38.0
252,17.0
253,50.0
254,31.0
255,34.0
256,51.0
257,56.0
258,23.0
259,25.0
260,31.0
261,32.0
262,60.0
263,42.0
264,39.0
265,28.0
266,54.0
267,22.0
268,29.0
269,31.0
270,28.0
271,21.0
272,38.0
273,66.0
274,36.0
275,83.0
276,32.0
277,27.0
278,26.0
279,31.0
280,22.0
281,41.0
282,41.0
283,51.0
284,72.0
285,52.0
286,47.0
287,18.0
288,29.0
289,23.0
290,43.0
291,45.0
292,40.0
293,44.0
294,25.0
295,35.0
296,37.0
297,59.0
298,35.0
299,18.0
300,51.0
301,30.0
302,31.0
303,39.0
304,26.0
305,51.0
306,19.0
307,46.0
308,49.0
309,63.0
310,20.0
311,25.0
312,24.0
313,58.0
314,29.0
315,76.0
316,45.0
317,20.0
318,58.0
319,21.0
320,27.0
321,26.0
322,33.0
323,27.0
324,25.0
325,53.0
326,53.0
327,42.0
328,22.0
329,52.0
330,36.0
331,30.0
332,34.0
333,44.0
334,53.0
335,36.0
336,29.0
337,32.0
338,46.0
339,18.0
340,72.0
341,38.0
342,21.0
343,35.0
344,58.0
345,48.0
346,31.0
347,47.0
348,34.0
349,30.0
350,28.0
351,28.0
352,46.0
353,40.0
354,37.0
355,53.0
356,41.0
357,42.0
358,45.0
359,34.0
360,18.0
361,27.0
362,54.0
363,35.0
364,17.0
365,29.0
366,52.0
367,38.0
368,39.0
369,26.0
370,22.0
371,29.0
372,43.0
373,24.0
374,32.0
375,40.0
376,25.0
377,47.0
378,40.0
379,31.0
380,36.0
381,62.0
382,51.0
383,24.0
384,39.0
385,24.0
386,57.0
387,20.0
388,33.0
389,60.0
390,32.0
391,40.0
392,18.0
393,36.0
394,35.0
395,55.0
396,19.0
397,39.0
398,40.0
399,47.0
400,23.0
401,26.0
402,26.0
403,46.0
404,36.0
405,18.0
406,33.0
407,56.0
408,50.0
409,45.0
410,30.0
411,53.0
412,45.0
413,42.0
414,27.0
415,36.0
416,58.0
417,54.0
418,30.0
419,69.0
420,30.0
421,45.0
422,22.0
423,28.0
424,19.0
425,40.0
426,86.0
427,46.0
428,28.0
429,22.0
430,17.0
431,46.0
432,35.0
433,35.0
434,28.0
435,15.0
436,22.0
437,28.0
438,31.0
439,40.0
440,48.0
441,58.0
442,44.0
443,21.0
444,50.0
445,23.0
446,24.0
447,49.0
448,60.0
449,35.0
450,29.0
451,20.0
452,34.0
453,22.0
454,49.0
455,32.0
456,26.0
457,41.0
458,61.0
459,49.0
460,28.0
461,35.0
462,29.0
463,51.0
464,52.0
465,24.0
466,32.0
467,45.0
468,60.0
469,23.0
470,59.0
471,27.0
472,46.0
473,33.0
474,40.0
475,42.0
476,37.0
477,23.0
478,36.0
479,19.0
480,35.0
481,25.0
482,43.0
483,20.0
484,42.0
485,42.0
486,31.0
487,29.0
488,18.0
489,33.0
490,59.0
491,47.0
492,39.0
493,37.0
494,35.0
495,28.0
496,59.0
497,62.0
498,50.0
499,68.0
500,27.0
501,17.0
502,38.0
503,21.0
504,54.0
505,20.0
506,25.0
507,31.0
508,35.0
509,36.0
510,60.0
511,24.0
512,27.0
513,20.0
514,24.0
515,23.0
516,41.0
517,20.0
518,76.0
519,43.0
520,25.0
521,29.0
522,35.0
523,30.0
524,24.0
525,23.0
526,29.0
527,27.0
528,23.0
529,50.0
530,19.0
531,24.0
532,22.0
533,46.0
534,65.0
535,43.0
536,35.0
537,54.0
538,47.0
539,24.0
540,35.0
541,25.0
542,26.0
543,27.0
544,34.0
545,31.0
546,32.0
547,47.0
548,44.0
549,44.0
550,30.0
551,60.0
552,50.0
553,36.0
554,59.0
555,33.0
556,19.0
557,56.0
558,45.0
559,22.0
560,41.0
561,34.0
562,53.0
563,48.0
564,25.0
565,30.0
566,47.0
567,33.0
568,34.0
569,52.0
570,29.0
571,63.0
572,49.0
573,18.0
574,71.0
575,35.0
576,55.0
577,31.0
578,18.0
579,51.0
580,39.0
581,20.0
582,29.0
583,40.0
584,42.0
585,22.0
586,19.0
587,24.0
588,30.0
589,53.0
590,25.0
591,28.0
592,33.0
593,24.0
594,59.0
595,46.0
596,15.0
597,41.0
598,77.0
599,22.0
600,24.0
601,34.0
602,48.0
603,24.0
604,27.0
605,30.0
606,27.0
607,27.0
608,49.0
609,38.0
610,26.0
611,30.0
612,53.0
613,43.0
614,23.0
615,34.0
616,30.0
617,29.0
618,47.0
619,35.0
620,40.0
621,18.0
622,24.0
623,29.0
624,44.0
625,19.0
626,50.0
627,17.0
628,57.0
629,30.0
630,38.0
631,31.0
632,39.0
633,29.0
634,26.0
635,64.0
636,36.0
637,36.0
638,21.0
639,53.0
640,57.0
641,30.0
642,34.0
643,53.0
644,45.0
645,22.0
646,22.0
647,46.0
648,27.0
649,42.0
650,30.0
651,54.0
652,29.0
653,41.0
654,28.0
655,61.0
656,23.0
657,25.0
659,29.0
660,20.0
661,40.0
662,45.0
663,33.0
664,76.0
665,47.0
666,45.0
667,40.0
668,37.0
669,49.0
670,27.0
671,36.0
672,23.0
673,21.0
674,32.0
675,35.0
676,28.0
677,59.0
678,28.0
679,45.0
680,45.0
681,19.0
682,25.0
683,37.0
684,33.0
685,59.0
686,31.0
687,35.0
688,29.0
689,32.0
690,41.0
691,31.0
692,44.0
693,23.0
694,45.0
695,39.0
696,67.0
697,29.0
698,25.0
699,28.0
700,21.0
701,32.0
702,51.0
703,39.0
704,27.0
705,31.0
706,50.0
708,32.0
709,47.0
710,46.0
711,57.0
712,23.0
713,56.0
714,24.0
715,27.0
716,23.0
717,21.0
718,26.0
719,34.0
720,32.0
721,33.0
722,55.0
723,26.0
724,48.0
725,35.0
726,19.0
727,45.0
728,28.0
729,42.0
730,17.0
731,30.0
732,21.0
733,33.0
734,45.0
735,46.0
736,23.0
737,37.0
738,43.0
739,40.0
740,31.0
741,59.0
742,46.0
743,37.0
744,28.0
745,28.0
746,26.0
747,55.0
748,29.0
749,45.0
750,27.0
751,31.0
752,51.0
753,50.0
754,27.0
755,18.0
756,39.0
757,46.0
758,19.0
759,62.0
760,49.0
761,31.0
762,38.0
763,40.0
764,35.0
765,34.0
766,44.0
767,23.0
768,43.0
770,31.0
771,27.0
772,46.0
773,18.0
774,59.0
775,57.0
776,15.0
777,25.0
778,50.0
779,31.0
780,35.0
781,27.0
782,20.0
783,27.0
784,45.0
785,33.0
786,22.0
787,28.0
788,31.0
789,28.0
790,53.0
791,30.0
792,39.0
793,40.0
794,30.0
795,21.0
796,35.0
797,21.0
798,47.0
799,38.0
800,36.0
801,53.0
803,34.0
804,34.0
805,30.0
806,28.0
807,47.0
808,49.0
809,36.0
810,45.0
811,21.0
812,18.0
813,25.0
814,29.0
815,57.0
816,34.0
817,35.0
819,18.0
820,62.0
821,29.0
822,25.0
823,30.0
824,33.0
825,56.0
826,49.0
827,20.0
828,62.0
829,62.0
830,6.0
831,30.0
832,57.0
833,18.0
834,47.0
835,48.0
836,20.0
837,30.0
838,36.0
839,51.0
840,55.0
841,48.0
842,20.0
843,25.0
844,26.0
845,45.0
846,35.0
847,63.0
848,34.0
849,36.0
850,22.0
851,31.0
852,25.0
853,57.0
854,32.0
855,42.0
856,52.0
857,25.0
858,25.0
859,31.0
860,39.0
861,32.0
862,16.0
863,24.0
864,28.0
865,25.0
866,41.0
867,28.0
868,21.0
869,30.0
870,58.0
871,47.0
872,25.0
873,44.0
874,34.0
875,27.0
876,34.0
877,39.0
878,29.0
879,24.0
880,47.0
881,45.0
882,28.0
883,49.0
884,50.0
885,45.0
886,32.0
887,24.0
888,23.0
889,52.0
890,37.0
891,26.0
892,58.0
893,50.0
894,22.0
895,53.0
896,69.0
897,23.0
898,29.0
899,25.0
900,18.0
901,31.0
902,23.0
903,18.0
904,35.0
905,27.0
906,28.0
907,26.0
908,32.0
909,36.0
910,66.0
911,47.0
912,21.0
913,24.0
914,51.0
915,60.0
916,61.0
917,38.0
918,35.0
919,46.0
920,48.0
921,36.0
922,33.0
923,66.0
924,51.0
925,34.0
926,55.0
927,54.0
929,36.0
930,25.0
931,24.0
932,28.0
933,36.0
934,20.0
935,49.0
937,51.0
938,21.0
939,30.0
940,32.0
941,33.0
942,52.0
943,56.0
944,48.0
945,39.0
946,19.0
947,45.0
948,33.0
949,51.0
951,25.0
952,24.0
953,22.0
954,32.0
955,58.0
956,24.0
957,26.0
958,30.0
959,31.0
960,34.0
961,48.0
963,21.0
964,39.0
965,25.0
966,30.0
967,61.0
968,56.0
969,29.0
970,19.0
971,35.0
972,36.0
973,54.0
974,24.0
975,23.0
976,18.0
977,31.0
978,41.0
979,55.0
980,19.0
981,38.0
982,36.0
983,34.0
984,52.0
985,28.0
986,50.0
988,55.0
989,39.0
990,23.0
991,30.0
992,37.0
993,54.0
994,37.0
995,30.0
996,27.0
997,22.0
998,29.0
999,39.0
1000,33.0
1001,52.0
1002,28.0
1003,54.0
1004,38.0
1005,32.0
1006,34.0
1007,26.0
1008,50.0
1009,37.0
1010,45.0
1011,56.0
1012,45.0
1013,32.0
1014,12.0
1015,49.0
1016,58.0
1017,29.0
1018,60.0
1019,40.0
1020,39.0
1021,26.0
1022,24.0
1023,34.0
1024,27.0
1025,44.0
1026,25.0
1027,55.0
1028,19.0
1029,52.0
1030,24.0
1031,38.0
1032,31.0
1033,26.0
1034,33.0
1035,28.0
1036,27.0
1037,39.0
1038,29.0
1039,36.0
1040,55.0
1041,28.0
1042,40.0
1043,33.0
1044,37.0
1045,39.0
1046,43.0
1047,38.0
1048,55.0
1049,52.0
1050,32.0
1051,31.0
1052,27.0
1053,40.0
1054,31.0
1055,30.0
1056,26.0
1057,32.0
1058,33.0
1059,19.0
1060,33.0
1061,29.0
1062,41.0
1063,29.0
1064,38.0
1065,64.0
1066,42.0
1067,42.0
1068,37.0
1069,46.0
1070,25.0
1071,62.0
1072,36.0
1073,21.0
1074,30.0
1075,53.0
1076,31.0
1077,22.0
1078,24.0
1079,36.0
1080,47.0
1081,54.0
1082,43.0
1083,38.0
1084,30.0
1085,51.0
1086,55.0
1087,16.0
1088,23.0
1089,36.0
1090,27.0
1091,33.0
1092,17.0
1093,22.0
1094,22.0
1095,29.0
1096,41.0
1097,67.0
1098,36.0
1099,52.0
1100,56.0
1101,35.0
1102,45.0
1103,30.0
1104,29.0
1105,53.0
1106,32.0
1107,22.0
1108,29.0
1109,24.0
1110,19.0
1111,26.0
1112,50.0
1113,29.0
1114,52.0
1115,39.0
1116,51.0
1117,48.0
1118,30.0
1119,37.0
1120,25.0
1121,30.0
1122,35.0
1123,32.0
1124,35.0
1125,31.0
1126,30.0
1127,23.0
1128,41.0
1129,45.0
1130,46.0
1131,36.0
1132,31.0
1133,32.0
1134,38.0
1135,33.0
1136,45.0
1137,38.0
1138,22.0
1139,48.0
1140,36.0
1141,39.0
1142,26.0
1143,16.0
1144,58.0
1145,27.0
1146,26.0
1147,21.0
1148,37.0
1149,56.0
1150,19.0
1151,38.0
1152,18.0
1153,35.0
1154,23.0
1155,41.0
1156,44.0
1157,24.0
1158,39.0
1159,22.0
1160,37.0
1161,36.0
1162,41.0
1163,27.0
1164,66.0
1165,30.0
1166,34.0
1167,22.0
1168,51.0
1169,42.0
1170,41.0
1171,49.0
1172,45.0
1173,45.0
1174,42.0
1175,41.0
1176,27.0
1177,37.0
1178,22.0
1179,21.0
1180,50.0
1181,23.0
1182,25.0
1183,51.0
1184,46.0
1185,23.0
1186,37.0
1187,20.0
1188,43.0
1189,45.0
1190,16.0
1191,30.0
1192,26.0
1193,24.0
1194,38.0
1195,28.0
1196,29.0
1197,34.0
1198,38.0
1199,43.0
1200,23.0
1201,33.0
1202,40.0
1203,38.0
1204,53.0
1205,29.0
1206,30.0
1207,49.0
1208,60.0
1209,25.0
1210,24.0
1211,21.0
1212,23.0
1213,61.0
1214,54.0
1215,62.0
1216,16.0
1217,76.0
1218,25.0
1219,28.0
1220,25.0
1221,33.0
1222,51.0
1223,34.0
1224,30.0
1225,44.0
1226,24.0
1227,29.0
1228,48.0
1229,19.0
1230,22.0
1231,39.0
1232,36.0
1233,55.0
1234,46.0
1235,34.0
1236,27.0
1237,33.0
1238,18.0
1239,33.0
1240,46.0
1241,51.0
1242,50.0
1243,33.0
1244,25.0
1245,52.0
1246,31.0
1247,18.0
1248,43.0
1249,34.0
1250,65.0
1251,37.0
1252,30.0
1253,48.0
1254,36.0
1255,25.0
1256,69.0
1257,50.0
1258,52.0
1259,44.0
1260,60.0
1261,40.0
1262,20.0
1263,45.0
1264,44.0
1265,40.0
1266,25.0
1267,43.0
1268,27.0
1269,19.0
1270,39.0
1271,30.0
1272,28.0
1273,22.0
1274,16.0
1275,40.0
1276,38.0
1277,20.0
1278,35.0
1279,52.0
1280,26.0
1281,54.0
1282,38.0
1283,52.0
1284,26.0
1285,53.0
1286,35.0
1287,22.0
1288,31.0
1289,32.0
1290,37.0
1291,28.0
1292,18.0
1293,41.0
1294,15.0
1295,38.0
1296,41.0
1297,52.0
1298,48.0
1299,29.0
1300,51.0
1301,21.0
1302,24.0
1303,18.0
1304,30.0
1305,33.0
1306,60.0
1307,28.0
1308,26.0
1309,24.0
1310,44.0
1311,36.0
1312,34.0
1313,21.0
1314,37.0
1315,53.0
1316,45.0
1317,24.0
1318,48.0
1319,42.0
1320,33.0
1321,55.0
1322,28.0
1323,25.0
1324,28.0
1325,52.0
1326,59.0
1327,52.0
1328,39.0
1329,18.0
1330,40.0
1331,36.0
1332,38.0
1333,26.0
1335,29.0
1336,37.0
1337,29.0
1338,21.0
1339,33.0
1340,33.0
1341,23.0
1342,26.0
1343,59.0
1344,29.0
1345,28.0
1346,35.0
1347,33.0
1348,24.0
1350,28.0
1351,19.0
1352,43.0
1353,59.0
1354,34.0
1355,35.0
1356,23.0
1357,36.0
1358,46.0
1359,44.0
1360,20.0
1361,30.0
1362,29.0
1363,35.0
1364,36.0
1365,22.0
1366,31.0
1367,63.0
1368,38.0
1369,31.0
1370,27.0
1371,35.0
1372,22.0
1373,28.0
1374,26.0
1375,22.0
1376,57.0
1377,31.0
1378,43.0
1379,24.0
1380,29.0
1381,43.0
1383,21.0
1384,19.0
1386,25.0
1387,59.0
1388,50.0
1389,58.0
1390,25.0
1391,32.0
1392,53.0
1393,38.0
1394,70.0
1395,33.0
1396,36.0
1398,21.0
1399,51.0
1400,43.0
1401,18.0
1402,33.0
1403,34.0
1404,31.0
1405,35.0
1406,31.0
1407,31.0
1408,23.0
1409,25.0
1410,25.0
1411,21.0
1412,49.0
1413,63.0
1414,43.0
1415,34.0
1416,38.0
1417,52.0
1418,68.0
1420,31.0
1421,29.0
1422,32.0
1423,50.0
1424,27.0
1425,31.0
1426,29.0
1427,23.0
1428,61.0
1429,33.0
1430,18.0
1431,80.0
1432,43.0
1433,50.0
1434,47.0
1435,54.0
1436,22.0
1437,43.0
1438,38.0
1439,21.0
1440,36.0
1441,30.0
1443,34.0
1444,17.0
1445,37.0
1446,25.0
1447,30.0
1448,23.0
1449,20.0
1450,19.0
1451,50.0
1452,24.0
1453,25.0
1454,20.0
1455,37.0
1456,44.0
1457,22.0
1458,31.0
1459,25.0
1461,29.0
1462,36.0
1463,50.0
1464,42.0
1465,42.0
1466,26.0
1467,19.0
1468,59.0
1469,36.0
1471,51.0
1472,27.0
1473,22.0
1474,30.0
1475,28.0
1476,63.0
1477,32.0
1478,26.0
1479,25.0
1480,27.0
1481,61.0
1482,30.0
1484,37.0
1485,41.0
1486,25.0
1487,24.0
1488,44.0
1489,63.0
1490,30.0
1491,58.0
1492,35.0
1493,50.0
1494,40.0
1496,19.0
1497,34.0
1498,18.0
1499,21.0
1501,37.0
1502,29.0
1503,49.0
1504,24.0
1505,32.0
1506,65.0
1507,37.0
1508,33.0
1509,63.0
1510,30.0
1511,40.0
1512,38.0
1513,50.0
1514,41.0
1515,41.0
1516,39.0
1517,44.0
1518,23.0
1519,32.0
1520,56.0
1521,33.0
1522,63.0
1523,31.0
1524,26.0
1525,57.0
1526,39.0
1527,43.0
1528,42.0
1529,29.0
1530,56.0
1531,31.0
1532,50.0
1533,36.0
1534,50.0
1535,34.0
1536,49.0
1537,31.0
1538,36.0
1539,29.0
1540,32.0
1541,18.0
1542,50.0
1543,36.0
1544,33.0
1545,17.0
1546,19.0
1547,24.0
1548,24.0
1549,20.0
1550,41.0
1551,47.0
1552,18.0
1553,31.0
1554,27.0
1555,36.0
1556,59.0
1557,40.0
1558,32.0
1559,38.0
1560,18.0
1561,32.0
1562,23.0
1563,43.0
1564,67.0
1565,22.0
1566,31.0
1567,43.0
1568,34.0
1569,51.0
1570,31.0
1571,54.0
1572,69.0
1573,58.0
1574,26.0
1575,31.0
1576,59.0
1577,25.0
1578,20.0
1579,69.0
1580,57.0
1581,56.0
1582,64.0
1583,34.0
1584,45.0
1585,14.0
1586,44.0
1587,54.0
1588,59.0
1589,33.0
1590,22.0
1591,49.0
1592,36.0
1593,23.0
1594,38.0
1595,53.0
1596,29.0
1597,42.0
1598,25.0
1599,18.0
1600,55.0
1601,36.0
1602,32.0
1603,53.0
1604,30.0
1605,27.0
1606,37.0
1607,29.0
1608,40.0
1609,36.0
1610,38.0
1611,29.0
1612,59.0
1613,47.0
1614,22.0
1615,31.0
1616,29.0
1617,54.0
1618,71.0
1619,36.0
1620,34.0
1621,49.0
1622,36.0
1623,43.0
1624,53.0
1625,63.0
1626,31.0
1627,32.0
1628,41.0
1629,26.0
1630,49.0
1631,82.0
1632,37.0
1633,24.0
1634,56.0
1635,35.0
1636,28.0
1637,36.0
1638,22.0
1639,59.0
1640,36.0
1641,21.0
1642,38.0
1643,60.0
1644,18.0
1645,23.0
1647,38.0
1648,40.0
1649,22.0
1650,38.0
1651,25.0
1652,25.0
1653,36.0
1656,44.0
1657,36.0
1658,35.0
1659,25.0
1660,65.0
1661,31.0
1662,70.0
1663,25.0
1664,55.0
1665,35.0
1666,25.0
1667,32.0
1668,38.0
1669,32.0
1670,64.0
1671,55.0
1672,69.0
1673,37.0
1674,31.0
1675,86.0
1676,25.0
1677,25.0
1678,13.0
1679,32.0
1680,34.0
1681,69.0
1682,46.0
1683,40.0
1684,29.0
1685,29.0
1686,42.0
1687,25.0
1688,45.0
1689,55.0
1690,22.0
1691,61.0
1692,46.0
1693,30.0
1694,56.0
1695,35.0
1696,22.0
1697,23.0
1698,43.0
1699,43.0
1700,49.0
1701,23.0
1702,41.0
1703,33.0
1704,30.0
1705,25.0
1706,52.0
1707,32.0
1708,46.0
1709,48.0
1710,38.0
1711,26.0
1712,32.0
1713,28.0
1714,53.0
1715,38.0
1716,18.0
1717,32.0
1718,37.0
1719,18.0
1720,20.0
1721,28.0
1722,18.0
1723,16.0
1724,36.0
1725,57.0
1726,49.0
1727,31.0
1728,26.0
1729,51.0
1730,28.0
1731,35.0
1732,57.0
1733,36.0
1734,42.0
1736,49.0
1737,62.0
1738,21.0
1739,39.0
1740,53.0
1741,41.0
1742,40.0
1743,50.0
1744,27.0
1745,19.0
1746,26.0
1747,44.0
1748,30.0
1749,31.0
1750,33.0
1751,22.0
1752,50.0
1753,46.0
1754,38.0
1755,23.0
1756,24.0
1757,26.0
1758,38.0
1759,26.0
1760,32.0
1761,50.0
1762,17.0
1763,39.0
1764,28.0
1765,66.0
1766,42.0
1767,34.0
1768,38.0
1769,24.0
1770,28.0
1771,29.0
1772,58.0
1773,23.0
1774,21.0
1775,45.0
1776,38.0
1777,40.0
1778,19.0
1779,46.0
1780,25.0
1781,25.0
1782,37.0
1783,25.0
1784,36.0
1785,32.0
1786,33.0
1787,24.0
1788,37.0
1789,38.0
1790,45.0
1791,31.0
1792,34.0
1793,23.0
1794,38.0
1795,39.0
1796,55.0
1797,31.0
1798,76.0
1799,59.0
1800,40.0
1801,23.0
1802,64.0
1803,56.0
1804,26.0
1805,35.0
1806,49.0
1807,36.0
1808,56.0
1809,59.0
1810,34.0
1811,33.0
1812,43.0
1813,43.0
1814,31.0
1815,17.0
1816,32.0
1817,31.0
1818,19.0
1819,23.0
1820,26.0
1821,45.0
1822,36.0
1823,41.0
1824,53.0
1826,24.0
1828,47.0
1829,40.0
1830,29.0
1831,38.0
1832,22.0
1833,21.0
1834,25.0
1835,37.0
1836,48.0
1837,37.0
1838,56.0
1839,35.0
1840,25.0
1841,25.0
1842,48.0
1843,26.0
1844,29.0
1845,15.0
1846,55.0
1847,21.0
1848,24.0
1849,18.0
1850,19.0
1851,27.0
1852,45.0
1853,36.0
1854,34.0
1855,23.0
1856,43.0
1857,43.0
1858,19.0
1859,45.0
1860,37.0
1861,23.0
1862,26.0
1863,20.0
1864,50.0
1865,59.0
1866,33.0
1867,48.0
1868,18.0
1869,23.0
1870,41.0
1871,41.0
1872,55.0
1873,29.0
1874,31.0
1875,25.0
1876,38.0
1878,83.0
1879,22.0
1880,33.0
1881,36.0
1882,38.0
1883,26.0
1884,29.0
1885,55.0
1886,47.0
1887,52.0
1888,49.0
1889,31.0
1890,37.0
1891,37.0
1892,36.0
1893,20.0
1895,30.0
1897,35.0
1898,35.0
1899,36.0
1900,53.0
1901,39.0
1902,30.0
1903,44.0
1904,24.0
1905,73.0
1906,31.0
1907,28.0
1908,18.0
1909,32.0
1910,60.0
1911,36.0
1912,48.0
1913,33.0
1914,44.0
1915,20.0
1916,37.0
1917,72.0
1918,52.0
1919,31.0
1920,46.0
1922,31.0
1923,25.0
1924,46.0
1925,38.0
1926,25.0
1928,27.0
1929,24.0
1930,19.0
1931,31.0
1932,55.0
1934,18.0
1935,53.0
1937,48.0
1938,29.0
1939,30.0
1940,33.0
1941,61.0
1942,35.0
1943,71.0
1944,41.0
1945,36.0
1946,28.0
1947,52.0
1948,21.0
1950,31.0
1951,33.0
1952,46.0
1953,32.0
1954,42.0
1955,17.0
1956,44.0
1957,35.0
1958,23.0
1959,21.0
1960,53.0
1961,63.0
1962,18.0
1963,51.0
1964,64.0
1965,45.0
1966,20.0
1967,41.0
1968,23.0
1969,32.0
1970,25.0
1971,42.0
1972,41.0
1973,31.0
1974,50.0
1975,38.0
1976,44.0
1977,38.0
1978,21.0
1979,32.0
1980,23.0
1981,41.0
1982,41.0
1983,38.0
1984,54.0
1985,20.0
1986,26.0
1987,29.0
1988,47.0
1989,28.0
1990,48.0
1991,37.0
1992,34.0
1993,33.0
1994,36.0
1995,43.0
1996,32.0
1997,29.0
1998,39.0
1999,16.0
2000,40.0
2001,21.0
2002,50.0
2003,19.0
2004,28.0
2005,25.0
2006,49.0
2007,44.0
2008,39.0
2009,44.0
2010,50.0
2011,57.0
2012,57.0
2013,33.0
2014,21.0
2015,52.0
2016,27.0
2017,60.0
2018,25.0
2019,34.0
2020,22.0
2021,26.0
2022,27.0
2023,29.0
2024,30.0
2025,18.0
2026,32.0
2027,37.0
2028,54.0
2029,50.0
2030,28.0
2031,59.0
2032,24.0
2033,34.0
2034,25.0
2035,48.0
2036,45.0
2037,25.0
2038,17.0
2039,53.0
2040,18.0
2041,50.0
2042,36.0
2043,45.0
2044,42.0
2046,23.0
2047,31.0
2048,18.0
2049,26.0
2050,57.0
2051,27.0
2052,41.0
2053,33.0
2054,22.0
2055,38.0
2056,26.0
2057,45.0
2058,23.0
2059,68.0
2060,56.0
2061,45.0
2062,41.0
2063,33.0
2064,22.0
2065,50.0
2066,52.0
2067,18.0
2068,35.0
2069,18.0
2070,34.0
2071,51.0
2072,29.0
2073,34.0
2074,25.0
2075,26.0
2076,33.0
2077,17.0
2079,25.0
2080,31.0
2081,25.0
2082,18.0
2083,55.0
2084,45.0
2085,25.0
2086,23.0
2087,37.0
2088,33.0
2089,27.0
2090,32.0
2092,31.0
2093,26.0
2094,32.0
2095,53.0
2096,19.0
2097,53.0
2098,35.0
2099,64.0
2100,24.0
2101,33.0
2102,55.0
2103,17.0
2104,48.0
2105,21.0
2106,22.0
2107,30.0
2108,34.0
2109,35.0
2110,32.0
2111,22.0
2112,46.0
2113,27.0
2114,18.0
2115,33.0
2116,26.0
2117,27.0
2118,26.0
2119,51.0
2120,63.0
2121,38.0
2122,25.0
2123,39.0
2124,41.0
2125,26.0
2126,30.0
2127,33.0
2128,54.0
2129,38.0
2130,24.0
2131,47.0
2132,62.0
2133,30.0
2134,33.0
2135,23.0
2136,39.0
2138,46.0
2139,36.0
2140,66.0
2141,27.0
2142,40.0
2143,25.0
2144,20.0
2145,43.0
2146,40.0
2147,33.0
2148,34.0
2149,27.0
2150,25.0
2151,37.0
2152,32.0
2153,25.0
2154,38.0
2155,50.0
2156,70.0
2157,26.0
2159,41.0
2160,91.0
2162,25.0
2163,24.0
2164,29.0
2165,40.0
2166,51.0
2167,30.0
2168,33.0
2169,28.0
2170,23.0
2171,23.0
2172,20.0
2173,56.0
2174,36.0
2175,18.0
2176,43.0
2177,16.0
2178,29.0
2179,25.0
2180,34.0
2181,32.0
2182,32.0
2183,58.0
2184,36.0
2185,25.0
2186,59.0
2187,25.0
2188,25.0
2189,42.0
2190,36.0
2191,59.0
2192,21.0
2193,19.0
2194,45.0
2196,42.0
2197,27.0
2198,45.0
2200,42.0
2201,24.0
2202,39.0
2203,18.0
2204,26.0
2205,35.0
2206,53.0
2207,56.0
2208,54.0
2209,36.0
2210,51.0
2211,45.0
2212,28.0
2213,36.0
2214,73.0
2215,26.0
2216,41.0
2217,59.0
2218,28.0
2219,45.0
2220,27.0
2221,46.0
2223,30.0
2224,46.0
2225,47.0
2226,32.0
2227,65.0
2228,19.0
2229,22.0
2230,39.0
2231,38.0
2232,68.0
2233,49.0
2234,37.0
2235,33.0
2236,25.0
2237,36.0
2238,36.0
2239,30.0
2240,39.0
2241,28.0
2242,28.0
2243,25.0
2244,57.0
2245,35.0
2246,24.0
2248,33.0
2249,56.0
2250,56.0
2251,16.0
2252,47.0
2253,33.0
2254,32.0
2255,21.0
2256,64.0
2257,19.0
2258,55.0
2260,25.0
2261,17.0
2262,25.0
2263,43.0
2264,39.0
2265,24.0
2266,70.0
2267,15.0
2268,79.0
2269,16.0
2270,35.0
2271,24.0
2272,53.0
2273,20.0
2274,27.0
2275,57.0
2276,53.0
2277,32.0
2278,26.0
2279,53.0
2280,32.0
2281,25.0
2282,15.0
2283,59.0
2284,35.0
2285,33.0
2286,32.0
2287,49.0
2288,46.0
2289,25.0
2290,48.0
2291,20.0
2293,24.0
2294,18.0
2295,67.0
2296,26.0
2297,54.0
2298,15.0
2299,62.0
2300,24.0
2301,27.0
2302,26.0
2303,32.0
2304,29.0
2305,16.0
2306,25.0
2308,39.0
2309,34.0
2310,36.0
2311,24.0
2312,50.0
2313,50.0
2315,51.0
2316,30.0
2317,35.0
2318,46.0
2319,37.0
2320,41.0
2321,41.0
2322,48.0
2323,27.0
2324,29.0
2325,47.0
2327,34.0
2328,48.0
2329,41.0
2330,25.0
2331,24.0
2332,38.0
2333,28.0
2334,47.0
2335,65.0
2336,58.0
2337,33.0
2338,43.0
2339,24.0
2340,37.0
2342,21.0
2343,65.0
2344,59.0
2345,74.0
2346,24.0
2348,23.0
2349,59.0
2350,33.0
2351,34.0
2352,30.0
2355,22.0
2356,35.0
2357,37.0
2358,20.0
2359,62.0
2360,18.0
2361,24.0
2362,17.0
2363,27.0
2364,51.0
2365,29.0
2366,34.0
2367,18.0
2368,17.0
2369,55.0
2370,44.0
2371,27.0
2372,66.0
2373,45.0
2374,47.0
2375,34.0
2376,37.0
2377,54.0
2378,50.0
2379,21.0
2380,21.0
2381,35.0
2382,75.0
2384,45.0
2385,30.0
2386,48.0
2387,58.0
2388,29.0
2389,44.0
2390,82.0
2392,53.0
2393,60.0
2394,19.0
2395,45.0
2396,63.0
2397,50.0
2398,35.0
2399,24.0
2400,36.0
2401,35.0
2402,33.0
2403,20.0
2404,66.0
2405,54.0
2406,40.0
2407,41.0
2408,30.0
2409,32.0
2410,24.0
2411,37.0
2412,28.0
2413,48.0
2414,30.0
2415,64.0
2416,21.0
2417,28.0
2420,40.0
2421,32.0
2422,50.0
2423,33.0
2424,37.0
2425,17.0
2426,20.0
2427,34.0
2428,37.0
2430,47.0
2431,20.0
2432,56.0
2433,24.0
2434,47.0
2436,36.0
2437,35.0
2439,37.0
2440,45.0
2442,23.0
2443,37.0
2445,23.0
2446,33.0
2447,23.0
2448,37.0
2449,19.0
2451,53.0
2454,45.0
2456,28.0
2457,36.0
2458,32.0
2459,39.0
2460,46.0
2461,34.0
2462,29.0
2463,53.0
2464,45.0
2465,24.0
2466,51.0
2467,35.0
2468,27.0
2469,33.0
2471,30.0
2472,22.0
2474,50.0
2475,28.0
2476,34.0
2477,24.0
2478,54.0
2479,26.0
2480,39.0
2481,34.0
2482,27.0
2483,48.0
2484,47.0
2486,33.0
2487,40.0
2489,55.0
2490,56.0
2491,42.0
2492,34.0
2493,29.0
2494,40.0
2495,23.0
2497,25.0
2498,52.0
2499,43.0
2500,37.0
2501,32.0
2502,70.0
2503,36.0
2504,24.0
2505,24.0
2506,38.0
2507,52.0
2508,27.0
2509,22.0
2510,42.0
2511,49.0
2512,59.0
2513,41.0
2514,34.0
2515,31.0
2516,23.0
2517,28.0
2518,33.0
2519,16.0
2520,35.0
2522,62.0
2523,25.0
2524,46.0
2525,39.0
2526,25.0
2527,31.0
2529,32.0
2530,31.0
2532,48.0
2533,28.0
2534,32.0
